{
    "0": [
        -0.10434193200463937,
        -0.5677585094172233
    ],
    "1": [
        0.023644064175806754,
        0.4399015041504577
    ],
    "2": [
        -0.5113152461795692,
        0.6194596435750768
    ],
    "3": [
        -0.28844163377311927,
        -0.0723580927350187
    ],
    "4": [
        0.41715009429399075,
        -0.9999999999999999
    ]
}